target,size_mb,mean_latency_sec,std_latency_sec,throughput_mb_s,peak_memory_mb,findings_count
damn_vuln.bin,4.0,0.8384,0.0089,4.77,10.368,28
flash_dump.bin,4.0,0.6545,0.0078,6.11,8.808,18
forensic_target_image.bin,4.0,0.6893,0.0021,5.8,8.983,18
full_flash.bin,4.0,0.9273,0.0085,4.31,10.715,24
hardware_extracted_flash.bin,4.0,0.8852,0.0083,4.52,10.574,26
tasmota32-bluetooth.bin,1.72,0.6626,0.0044,2.6,7.861,28
tasmota32-display.bin,1.4,0.5379,0.0013,2.6,6.47,27
tasmota32-ir.bin,1.37,0.5316,0.0037,2.58,6.34,26
tasmota32-webcam.bin,1.31,0.5078,0.0018,2.58,6.093,31
tasmota32c2.bin,1.94,0.6866,0.0029,2.83,8.1,62
wifi.bin,8.88,2.1348,0.0119,4.16,15.448,22
