target,trial,size_mb,latency_sec,peak_memory_mb
damn_vuln.bin,1,4.0,0.841225,10.39067
damn_vuln.bin,2,4.0,0.839372,10.371047
damn_vuln.bin,3,4.0,0.819285,10.364974
damn_vuln.bin,4,4.0,0.814786,10.365478
damn_vuln.bin,5,4.0,0.81677,10.364997
damn_vuln.bin,6,4.0,0.820088,10.364997
damn_vuln.bin,7,4.0,0.819839,10.364997
damn_vuln.bin,8,4.0,0.835313,10.364997
damn_vuln.bin,9,4.0,0.828708,10.364997
damn_vuln.bin,10,4.0,0.825712,10.364997
flash_dump.bin,1,4.0,0.645886,8.807671
flash_dump.bin,2,4.0,0.644531,8.807915
flash_dump.bin,3,4.0,0.64351,8.807671
flash_dump.bin,4,4.0,0.652103,8.807671
flash_dump.bin,5,4.0,0.650924,8.807671
flash_dump.bin,6,4.0,0.652168,8.807693
flash_dump.bin,7,4.0,0.648141,8.807693
flash_dump.bin,8,4.0,0.650392,8.807693
flash_dump.bin,9,4.0,0.651719,8.807693
flash_dump.bin,10,4.0,0.650826,8.807693
forensic_target_image.bin,1,4.0,0.680644,8.982862
forensic_target_image.bin,2,4.0,0.685121,8.983107
forensic_target_image.bin,3,4.0,0.686165,8.982862
forensic_target_image.bin,4,4.0,0.679429,8.982862
forensic_target_image.bin,5,4.0,0.67709,8.982818
forensic_target_image.bin,6,4.0,0.680112,8.982885
forensic_target_image.bin,7,4.0,0.677601,8.982885
forensic_target_image.bin,8,4.0,0.681398,8.982885
forensic_target_image.bin,9,4.0,0.676969,8.982885
forensic_target_image.bin,10,4.0,0.679892,8.982885
full_flash.bin,1,4.0,0.908224,10.71464
full_flash.bin,2,4.0,0.912102,10.720656
full_flash.bin,3,4.0,0.911628,10.714775
full_flash.bin,4,4.0,0.907262,10.714663
full_flash.bin,5,4.0,0.910946,10.714606
full_flash.bin,6,4.0,0.907278,10.714719
full_flash.bin,7,4.0,0.911183,10.714719
full_flash.bin,8,4.0,0.904263,10.714719
full_flash.bin,9,4.0,0.91563,10.714606
full_flash.bin,10,4.0,0.907675,10.714663
hardware_extracted_flash.bin,1,4.0,0.878744,10.573238
hardware_extracted_flash.bin,2,4.0,0.874445,10.578858
hardware_extracted_flash.bin,3,4.0,0.869348,10.573295
hardware_extracted_flash.bin,4,4.0,0.873041,10.573126
hardware_extracted_flash.bin,5,4.0,0.873878,10.573351
hardware_extracted_flash.bin,6,4.0,0.877313,10.573261
hardware_extracted_flash.bin,7,4.0,0.870092,10.573261
hardware_extracted_flash.bin,8,4.0,0.871338,10.573318
hardware_extracted_flash.bin,9,4.0,0.872483,10.573261
hardware_extracted_flash.bin,10,4.0,0.871564,10.573318
tasmota32-bluetooth.bin,1,1.72,0.654404,7.860038
tasmota32-bluetooth.bin,2,1.72,0.65357,7.863257
tasmota32-bluetooth.bin,3,1.72,0.648453,7.860038
tasmota32-bluetooth.bin,4,1.72,0.650394,7.860038
tasmota32-bluetooth.bin,5,1.72,0.657733,7.869124
tasmota32-bluetooth.bin,6,1.72,0.65688,7.860335
tasmota32-bluetooth.bin,7,1.72,0.647186,7.860061
tasmota32-bluetooth.bin,8,1.72,0.652053,7.860061
tasmota32-bluetooth.bin,9,1.72,0.650745,7.860004
tasmota32-bluetooth.bin,10,1.72,0.648231,7.860061
tasmota32-display.bin,1,1.4,0.53438,6.469586
tasmota32-display.bin,2,1.4,0.535125,6.472862
tasmota32-display.bin,3,1.4,0.536265,6.469643
tasmota32-display.bin,4,1.4,0.532609,6.469643
tasmota32-display.bin,5,1.4,0.533026,6.469643
tasmota32-display.bin,6,1.4,0.535139,6.469666
tasmota32-display.bin,7,1.4,0.53202,6.469666
tasmota32-display.bin,8,1.4,0.535419,6.469666
tasmota32-display.bin,9,1.4,0.536001,6.469666
tasmota32-display.bin,10,1.4,0.534947,6.469666
tasmota32-ir.bin,1,1.37,0.531001,6.339606
tasmota32-ir.bin,2,1.37,0.525295,6.342826
tasmota32-ir.bin,3,1.37,0.536909,6.339606
tasmota32-ir.bin,4,1.37,0.530259,6.339606
tasmota32-ir.bin,5,1.37,0.530451,6.339606
tasmota32-ir.bin,6,1.37,0.527734,6.339629
tasmota32-ir.bin,7,1.37,0.528232,6.339629
tasmota32-ir.bin,8,1.37,0.529366,6.339629
tasmota32-ir.bin,9,1.37,0.52993,6.339629
tasmota32-ir.bin,10,1.37,0.53044,6.339972
tasmota32-webcam.bin,1,1.31,0.503528,6.092447
tasmota32-webcam.bin,2,1.31,0.498504,6.095723
tasmota32-webcam.bin,3,1.31,0.509281,6.092504
tasmota32-webcam.bin,4,1.31,0.508934,6.092504
tasmota32-webcam.bin,5,1.31,0.511359,6.092504
tasmota32-webcam.bin,6,1.31,0.507443,6.092526
tasmota32-webcam.bin,7,1.31,0.511575,6.092526
tasmota32-webcam.bin,8,1.31,0.506335,6.092526
tasmota32-webcam.bin,9,1.31,0.507844,6.092526
tasmota32-webcam.bin,10,1.31,0.504095,6.092526
tasmota32c2.bin,1,1.94,0.684819,8.097877
tasmota32c2.bin,2,1.94,0.688727,8.10913
tasmota32c2.bin,3,1.94,0.690009,8.098052
tasmota32c2.bin,4,1.94,0.68534,8.097208
tasmota32c2.bin,5,1.94,0.685674,8.098052
tasmota32c2.bin,6,1.94,0.686018,8.098075
tasmota32c2.bin,7,1.94,0.689647,8.104328
tasmota32c2.bin,8,1.94,0.688532,8.098293
tasmota32c2.bin,9,1.94,0.683081,8.098019
tasmota32c2.bin,10,1.94,0.682805,8.097962
wifi.bin,1,8.88,2.168571,15.447292
wifi.bin,2,8.88,2.153116,15.451341
wifi.bin,3,8.88,2.146069,15.447236
wifi.bin,4,8.88,2.126813,15.447236
wifi.bin,5,8.88,2.158581,15.447236
wifi.bin,6,8.88,2.161826,15.447259
wifi.bin,7,8.88,2.127822,15.44727
wifi.bin,8,8.88,2.148467,15.447259
wifi.bin,9,8.88,2.124666,15.447259
wifi.bin,10,8.88,2.132907,15.447259
